Tutor Name, Course Name, Timeslot
Tutor 404,Galois Theory,28
Tutor 404,Galois Theory,29
Tutor 404,Statistics (Year 2) - Lab,81
Tutor 404,Statistics (Year 2) - Lab,82
Tutor 404,Time Series,47
Tutor 404,Time Series,48
Tutor 404,Time Series,49
Tutor 404,Time Series,50
Tutor 84,Credit Scoring,13
Tutor 84,Credit Scoring,14
Tutor 84,Credit Scoring,15
Tutor 84,Credit Scoring,16
Tutor 84,Numerical Probability and Monte Carlo ,32
Tutor 84,Numerical Probability and Monte Carlo ,33
Tutor 84,Numerical Probability and Monte Carlo ,34
Tutor 84,Numerical Probability and Monte Carlo ,35
Tutor 84,Stochastic Control and Dynamic Asset Allocation,36
Tutor 84,Stochastic Control and Dynamic Asset Allocation,37
Tutor 84,Topics in Mathematical Physics B,68
Tutor 84,Topics in Mathematical Physics B,69
Tutor 84,Uncertainty Quantification,72
Tutor 84,Uncertainty Quantification,73
Tutor 336,Algebraic Topology,41
Tutor 336,Algebraic Topology,42
Tutor 336,Calculus & its Applications ,29
Tutor 336,Calculus & its Applications ,30
Tutor 336,Calculus & its Applications ,31
Tutor 336,Calculus & its Applications ,32
Tutor 336,Calculus & its Applications ,33
Tutor 336,Calculus & its Applications ,34
Tutor 336,Linear Programming Modelling and Solution Computer Lab,60
Tutor 336,Linear Programming Modelling and Solution Computer Lab,61
Tutor 336,Linear Programming Modelling and Solution Computer Lab,62
Tutor 336,Linear Programming Modelling and Solution Computer Lab,63
Tutor 336,Numerical Methods for Data,58
Tutor 336,Numerical Methods for Data,59
Tutor 398,Credit Scoring,13
Tutor 398,Credit Scoring,14
Tutor 398,Credit Scoring,15
Tutor 398,Credit Scoring,16
Tutor 398,Linear Programming Modelling and Solution Computer Lab,60
Tutor 398,Linear Programming Modelling and Solution Computer Lab,61
Tutor 398,Linear Programming Modelling and Solution Computer Lab,62
Tutor 398,Linear Programming Modelling and Solution Computer Lab,63
Tutor 398,Mathematical Education,68
Tutor 398,Mathematical Education,69
Tutor 398,Mathematical Education,70
Tutor 398,Mathematical Education,71
Tutor 398,Proofs & Problem Solving,1
Tutor 398,Proofs & Problem Solving,2
Tutor 398,Proofs & Problem Solving,3
Tutor 398,Proofs & Problem Solving,4
Tutor 398,Proofs & Problem Solving,5
Tutor 398,Proofs & Problem Solving,6
Tutor 417,Computing and Numerics,85
Tutor 417,Computing and Numerics,86
Tutor 417,Computing and Numerics,87
Tutor 417,Computing and Numerics,88
Tutor 417,Introduction to Number Theory,72
Tutor 417,Introduction to Number Theory,73
Tutor 417,Linear Programming Modelling and Solution Computer Lab,60
Tutor 417,Linear Programming Modelling and Solution Computer Lab,61
Tutor 417,Linear Programming Modelling and Solution Computer Lab,62
Tutor 417,Linear Programming Modelling and Solution Computer Lab,63
Tutor 417,Proofs & Problem Solving,11
Tutor 417,Proofs & Problem Solving,12
Tutor 417,Proofs & Problem Solving,13
Tutor 417,Topics in Mathematical Physics B,68
Tutor 417,Topics in Mathematical Physics B,69
Tutor 234,Computing and Numerics,77
Tutor 234,Computing and Numerics,78
Tutor 234,Computing and Numerics,79
Tutor 234,Computing and Numerics,80
Tutor 234,Credit Scoring,13
Tutor 234,Credit Scoring,14
Tutor 234,Credit Scoring,15
Tutor 234,Credit Scoring,16
Tutor 234,Linear Programming Modelling and Solution Computer Lab,60
Tutor 234,Linear Programming Modelling and Solution Computer Lab,61
Tutor 234,Linear Programming Modelling and Solution Computer Lab,62
Tutor 234,Linear Programming Modelling and Solution Computer Lab,63
Tutor 234,Numerical Probability and Monte Carlo ,32
Tutor 234,Numerical Probability and Monte Carlo ,33
Tutor 234,Numerical Probability and Monte Carlo ,34
Tutor 234,Numerical Probability and Monte Carlo ,35
Tutor 234,Simulation,58
Tutor 234,Simulation,59
Tutor 156,Computing and Numerics,77
Tutor 156,Computing and Numerics,78
Tutor 156,Computing and Numerics,79
Tutor 156,Computing and Numerics,80
Tutor 156,Computing and Numerics,85
Tutor 156,Computing and Numerics,86
Tutor 156,Computing and Numerics,87
Tutor 156,Computing and Numerics,88
Tutor 156,Linear Programming Modelling and Solution Computer Lab,60
Tutor 156,Linear Programming Modelling and Solution Computer Lab,61
Tutor 156,Linear Programming Modelling and Solution Computer Lab,62
Tutor 156,Linear Programming Modelling and Solution Computer Lab,63
Tutor 156,Proofs & Problem Solving,11
Tutor 156,Proofs & Problem Solving,12
Tutor 156,Proofs & Problem Solving,13
Tutor 156,Proofs & Problem Solving,14
Tutor 156,Proofs & Problem Solving,15
Tutor 156,Proofs & Problem Solving,16
Tutor 231,Applied Dynamical Systems,22
Tutor 231,Applied Dynamical Systems,23
Tutor 231,Incomplete Data Analysis,74
Tutor 231,Incomplete Data Analysis,75
Tutor 231,Linear Programming Modelling and Solution Computer Lab,60
Tutor 231,Linear Programming Modelling and Solution Computer Lab,61
Tutor 231,Linear Programming Modelling and Solution Computer Lab,62
Tutor 231,Linear Programming Modelling and Solution Computer Lab,63
Tutor 231,Machine Learning in Python,39
Tutor 231,Machine Learning in Python,40
Tutor 231,Machine Learning in Python,41
Tutor 231,Machine Learning in Python,42
Tutor 231,Topics in Mathematical Physics B,68
Tutor 231,Topics in Mathematical Physics B,69
Tutor 129,Bayesian Data Analysis,89
Tutor 129,Bayesian Data Analysis,90
Tutor 129,Bayesian Data Analysis,91
Tutor 129,Bayesian Data Analysis,92
Tutor 129,Engineering Mathematics/Mathematics for the Natural Sciences 1b,39
Tutor 129,Engineering Mathematics/Mathematics for the Natural Sciences 1b,40
Tutor 129,Engineering Mathematics/Mathematics for the Natural Sciences 1b,41
Tutor 129,Engineering Mathematics/Mathematics for the Natural Sciences 1b,42
Tutor 129,Engineering Mathematics/Mathematics for the Natural Sciences 1b,43
Tutor 129,Engineering Mathematics/Mathematics for the Natural Sciences 1b,44
Tutor 129,Linear Programming Modelling and Solution Computer Lab,60
Tutor 129,Linear Programming Modelling and Solution Computer Lab,61
Tutor 129,Linear Programming Modelling and Solution Computer Lab,62
Tutor 129,Linear Programming Modelling and Solution Computer Lab,63
Tutor 129,Proofs & Problem Solving,1
Tutor 129,Proofs & Problem Solving,2
Tutor 129,Proofs & Problem Solving,3
Tutor 129,Bayesian Data Analysis,85
Tutor 129,Bayesian Data Analysis,86
Tutor 129,Bayesian Data Analysis,87
Tutor 129,Bayesian Data Analysis,88
Tutor 129,Bayesian Data Analysis,89
Tutor 129,Bayesian Data Analysis,90
Tutor 129,Bayesian Data Analysis,91
Tutor 129,Bayesian Data Analysis,92
Tutor 129,Calculus & its Applications ,20
Tutor 129,Calculus & its Applications ,21
Tutor 129,Calculus & its Applications ,22
Tutor 129,Calculus & its Applications ,23
Tutor 129,Calculus & its Applications ,24
Tutor 129,Calculus & its Applications ,25
Tutor 129,Computing and Numerics,77
Tutor 129,Computing and Numerics,78
Tutor 129,Computing and Numerics,79
Tutor 129,Computing and Numerics,80
Tutor 259,Bayesian Data Analysis,85
Tutor 259,Bayesian Data Analysis,86
Tutor 259,Bayesian Data Analysis,87
Tutor 259,Bayesian Data Analysis,88
Tutor 259,Bayesian Data Analysis,89
Tutor 259,Bayesian Data Analysis,90
Tutor 259,Bayesian Data Analysis,91
Tutor 259,Bayesian Data Analysis,92
Tutor 259,Computing and Numerics,77
Tutor 259,Computing and Numerics,78
Tutor 259,Computing and Numerics,79
Tutor 259,Computing and Numerics,80
Tutor 259,Incomplete Data Analysis,74
Tutor 259,Incomplete Data Analysis,75
Tutor 383,Bayesian Data Analysis,85
Tutor 383,Bayesian Data Analysis,86
Tutor 383,Bayesian Data Analysis,87
Tutor 383,Bayesian Data Analysis,88
Tutor 383,Bayesian Data Analysis,89
Tutor 383,Bayesian Data Analysis,90
Tutor 383,Bayesian Data Analysis,91
Tutor 383,Bayesian Data Analysis,92
Tutor 383,Proofs & Problem Solving,1
Tutor 383,Proofs & Problem Solving,2
Tutor 383,Proofs & Problem Solving,3
Tutor 383,Proofs & Problem Solving,11
Tutor 383,Proofs & Problem Solving,12
Tutor 383,Proofs & Problem Solving,13
Tutor 383,Proofs & Problem Solving,14
Tutor 383,Proofs & Problem Solving,15
Tutor 383,Proofs & Problem Solving,16
Tutor 379,Calculus & its Applications ,20
Tutor 379,Calculus & its Applications ,21
Tutor 379,Calculus & its Applications ,22
Tutor 379,Calculus & its Applications ,23
Tutor 379,Calculus & its Applications ,24
Tutor 379,Calculus & its Applications ,25
Tutor 379,Calculus & its Applications ,26
Tutor 379,Calculus & its Applications ,27
Tutor 379,Calculus & its Applications ,28
Tutor 379,Calculus & its Applications ,32
Tutor 379,Calculus & its Applications ,33
Tutor 379,Calculus & its Applications ,34
Tutor 379,Proofs & Problem Solving,1
Tutor 379,Proofs & Problem Solving,2
Tutor 379,Proofs & Problem Solving,3
Tutor 288,Algebraic Topology,41
Tutor 288,Algebraic Topology,42
Tutor 288,Computing and Numerics,77
Tutor 288,Computing and Numerics,78
Tutor 288,Computing and Numerics,79
Tutor 288,Computing and Numerics,80
Tutor 288,Engineering Mathematics/Mathematics for the Natural Sciences 1b,39
Tutor 288,Engineering Mathematics/Mathematics for the Natural Sciences 1b,40
Tutor 288,Engineering Mathematics/Mathematics for the Natural Sciences 1b,43
Tutor 288,Engineering Mathematics/Mathematics for the Natural Sciences 1b,44
Tutor 288,Proofs & Problem Solving,1
Tutor 288,Proofs & Problem Solving,2
Tutor 288,Proofs & Problem Solving,3
Tutor 288,Proofs & Problem Solving,4
Tutor 288,Proofs & Problem Solving,5
Tutor 288,Proofs & Problem Solving,6
Tutor 131,Integer and Combinatorial Optimization,47
Tutor 131,Integer and Combinatorial Optimization,48
Tutor 131,Linear Programming Modelling and Solution Computer Lab,60
Tutor 131,Linear Programming Modelling and Solution Computer Lab,61
Tutor 131,Linear Programming Modelling and Solution Computer Lab,62
Tutor 131,Linear Programming Modelling and Solution Computer Lab,63
Tutor 131,Mathematical Education,49
Tutor 131,Mathematical Education,50
Tutor 313,Calculus & its Applications ,20
Tutor 313,Calculus & its Applications ,21
Tutor 313,Calculus & its Applications ,22
Tutor 313,Calculus & its Applications ,23
Tutor 313,Calculus & its Applications ,24
Tutor 313,Calculus & its Applications ,25
Tutor 313,Calculus & its Applications ,29
Tutor 313,Calculus & its Applications ,30
Tutor 313,Calculus & its Applications ,31
Tutor 313,Classical Mechanics for Mathematicians,62
Tutor 313,Classical Mechanics for Mathematicians,63
Tutor 313,Fourier Analysis,41
Tutor 313,Fourier Analysis,42
Tutor 313,Numerical Partial Differential Equations,39
Tutor 313,Numerical Partial Differential Equations,40
Tutor 136,Calculus & its Applications ,20
Tutor 136,Calculus & its Applications ,21
Tutor 136,Calculus & its Applications ,22
Tutor 136,Calculus & its Applications ,23
Tutor 136,Calculus & its Applications ,24
Tutor 136,Calculus & its Applications ,25
Tutor 136,Calculus & its Applications ,26
Tutor 136,Calculus & its Applications ,27
Tutor 136,Calculus & its Applications ,28
Tutor 136,Calculus & its Applications ,29
Tutor 136,Calculus & its Applications ,30
Tutor 136,Calculus & its Applications ,31
Tutor 136,Engineering Mathematics/Mathematics for the Natural Sciences 1b,39
Tutor 136,Engineering Mathematics/Mathematics for the Natural Sciences 1b,40
Tutor 136,Engineering Mathematics/Mathematics for the Natural Sciences 1b,41
Tutor 136,Engineering Mathematics/Mathematics for the Natural Sciences 1b,42
Tutor 136,Engineering Mathematics/Mathematics for the Natural Sciences 1b,43
Tutor 136,Engineering Mathematics/Mathematics for the Natural Sciences 1b,44
Tutor 246,Calculus & its Applications ,26
Tutor 246,Calculus & its Applications ,27
Tutor 246,Calculus & its Applications ,28
Tutor 246,Calculus & its Applications ,29
Tutor 246,Calculus & its Applications ,30
Tutor 246,Calculus & its Applications ,31
Tutor 246,Calculus & its Applications ,32
Tutor 246,Calculus & its Applications ,33
Tutor 246,Calculus & its Applications ,34
Tutor 246,Credit Scoring,13
Tutor 246,Credit Scoring,14
Tutor 246,Credit Scoring,15
Tutor 246,Credit Scoring,16
Tutor 246,Integer and Combinatorial Optimization,47
Tutor 246,Integer and Combinatorial Optimization,48
Tutor 246,Interactions in Algebra Geometry and Topology,68
Tutor 246,Interactions in Algebra Geometry and Topology,69
Tutor 402,Computing and Numerics,77
Tutor 402,Computing and Numerics,78
Tutor 402,Computing and Numerics,79
Tutor 402,Computing and Numerics,80
Tutor 402,Geometry of General Relativity,83
Tutor 402,Geometry of General Relativity,84
Tutor 402,Honours Algbra- Skills,87
Tutor 402,Honours Algbra- Skills,88
Tutor 402,Honours Algbra- Skills,89
Tutor 402,Honours Algbra- Skills,90
Tutor 402,Statistics (Year 2) - Lab,72
Tutor 402,Statistics (Year 2) - Lab,73
Tutor 402,Statistics (Year 2) - Lab,81
Tutor 402,Statistics (Year 2) - Lab,82
Tutor 410,Calculus & its Applications ,26
Tutor 410,Calculus & its Applications ,27
Tutor 410,Calculus & its Applications ,28
Tutor 410,Calculus & its Applications ,29
Tutor 410,Calculus & its Applications ,30
Tutor 410,Calculus & its Applications ,31
Tutor 410,Calculus & its Applications ,32
Tutor 410,Calculus & its Applications ,33
Tutor 410,Calculus & its Applications ,34
Tutor 410,Computing and Numerics,85
Tutor 410,Computing and Numerics,86
Tutor 410,Computing and Numerics,87
Tutor 410,Computing and Numerics,88
Tutor 410,Engineering Mathematics/Mathematics for the Natural Sciences 1b,45
Tutor 410,Engineering Mathematics/Mathematics for the Natural Sciences 1b,46
Tutor 370,Applied Dynamical Systems,22
Tutor 370,Applied Dynamical Systems,23
Tutor 370,Calculus & its Applications ,32
Tutor 370,Calculus & its Applications ,33
Tutor 370,Calculus & its Applications ,34
Tutor 370,Computing and Numerics,77
Tutor 370,Computing and Numerics,78
Tutor 370,Computing and Numerics,79
Tutor 370,Computing and Numerics,80
Tutor 370,Linear Programming Modelling and Solution Computer Lab,60
Tutor 370,Linear Programming Modelling and Solution Computer Lab,61
Tutor 370,Linear Programming Modelling and Solution Computer Lab,62
Tutor 370,Linear Programming Modelling and Solution Computer Lab,63
Tutor 370,Time Series,47
Tutor 370,Time Series,48
Tutor 370,Time Series,49
Tutor 370,Time Series,50
Tutor 252,Calculus & its Applications ,26
Tutor 252,Calculus & its Applications ,27
Tutor 252,Calculus & its Applications ,28
Tutor 252,Computing and Numerics,85
Tutor 252,Computing and Numerics,86
Tutor 252,Computing and Numerics,87
Tutor 252,Computing and Numerics,88
Tutor 252,Credit Scoring,13
Tutor 252,Credit Scoring,14
Tutor 252,Credit Scoring,15
Tutor 252,Credit Scoring,16
Tutor 252,Engineering Mathematics/Mathematics for the Natural Sciences 1b,45
Tutor 252,Engineering Mathematics/Mathematics for the Natural Sciences 1b,46
Tutor 67,Financial Risk Theory,91
Tutor 67,Financial Risk Theory,92
Tutor 67,Financial Risk Theory,93
Tutor 67,Financial Risk Theory,94
Tutor 67,Honours Algbra- Skills,87
Tutor 67,Honours Algbra- Skills,88
Tutor 67,Honours Algbra- Skills,89
Tutor 67,Honours Algbra- Skills,90
Tutor 67,Honours Algebra,66
Tutor 67,Honours Algebra,67
Tutor 67,Honours Complex Variables - Skills,30
Tutor 67,Honours Complex Variables - Skills,31
Tutor 67,Honours Complex Variables - Skills,32
Tutor 67,Honours Complex Variables - Skills,33
Tutor 67,Honours Complex Variables - Skills,43
Tutor 67,Honours Complex Variables - Skills,44
Tutor 67,Honours Complex Variables - Skills,45
Tutor 67,Honours Complex Variables - Skills,46
Tutor 187,Calculus & its Applications ,23
Tutor 187,Calculus & its Applications ,24
Tutor 187,Calculus & its Applications ,25
Tutor 187,Calculus & its Applications ,26
Tutor 187,Calculus & its Applications ,27
Tutor 187,Calculus & its Applications ,28
Tutor 187,Calculus & its Applications ,29
Tutor 187,Calculus & its Applications ,30
Tutor 187,Calculus & its Applications ,31
Tutor 187,Calculus & its Applications ,32
Tutor 187,Calculus & its Applications ,33
Tutor 187,Calculus & its Applications ,34
Tutor 187,Computing and Numerics,77
Tutor 187,Computing and Numerics,78
Tutor 187,Computing and Numerics,79
Tutor 187,Computing and Numerics,80
Tutor 169,Calculus & its Applications ,20
Tutor 169,Calculus & its Applications ,21
Tutor 169,Calculus & its Applications ,22
Tutor 169,Calculus & its Applications ,23
Tutor 169,Calculus & its Applications ,24
Tutor 169,Calculus & its Applications ,25
Tutor 169,Calculus & its Applications ,26
Tutor 169,Calculus & its Applications ,27
Tutor 169,Calculus & its Applications ,28
Tutor 169,Calculus & its Applications ,29
Tutor 169,Calculus & its Applications ,30
Tutor 169,Calculus & its Applications ,31
Tutor 169,Functional Analysis,32
Tutor 169,Functional Analysis,33
Tutor 169,Statistics (Year 2),72
Tutor 169,Statistics (Year 2),73
Tutor 169,Statistics (Year 2),81
Tutor 169,Statistics (Year 2),82
Tutor 266,Calculus & its Applications ,23
Tutor 266,Calculus & its Applications ,24
Tutor 266,Calculus & its Applications ,25
Tutor 266,Calculus & its Applications ,26
Tutor 266,Calculus & its Applications ,27
Tutor 266,Calculus & its Applications ,28
Tutor 266,Calculus & its Applications ,29
Tutor 266,Calculus & its Applications ,30
Tutor 266,Calculus & its Applications ,31
Tutor 266,Calculus & its Applications ,32
Tutor 266,Calculus & its Applications ,33
Tutor 266,Calculus & its Applications ,34
Tutor 266,Fourier Analysis,41
Tutor 266,Fourier Analysis,42
Tutor 266,Fundamentals of Pure Mathematics,64
Tutor 266,Fundamentals of Pure Mathematics,65
Tutor 266,Statistics (Year 2),72
Tutor 266,Statistics (Year 2),73
Tutor 257,Calculus & its Applications ,29
Tutor 257,Calculus & its Applications ,30
Tutor 257,Calculus & its Applications ,31
Tutor 257,Calculus & its Applications ,32
Tutor 257,Calculus & its Applications ,33
Tutor 257,Calculus & its Applications ,34
Tutor 257,Computing and Numerics,85
Tutor 257,Computing and Numerics,86
Tutor 257,Computing and Numerics,87
Tutor 257,Computing and Numerics,88
Tutor 257,Engineering Mathematics/Mathematics for the Natural Sciences 1b,39
Tutor 257,Engineering Mathematics/Mathematics for the Natural Sciences 1b,40
Tutor 257,Engineering Mathematics/Mathematics for the Natural Sciences 1b,41
Tutor 257,Engineering Mathematics/Mathematics for the Natural Sciences 1b,42
Tutor 257,Fundamentals of Pure Mathematics,64
Tutor 257,Fundamentals of Pure Mathematics,65
Tutor 257,Large Scale Optimization for Data Science - Comp Lab,70
Tutor 257,Large Scale Optimization for Data Science - Comp Lab,71
Tutor 3,Honours Algbra- Skills,30
Tutor 3,Honours Algbra- Skills,31
Tutor 3,Honours Algbra- Skills,32
Tutor 3,Honours Algbra- Skills,33
Tutor 3,Mathematical Education,51
Tutor 3,Mathematical Education,52
Tutor 3,Numerical Ordinary Differential Equations and Applications,17
Tutor 3,Numerical Ordinary Differential Equations and Applications,18
Tutor 290,Computing and Numerics,77
Tutor 290,Computing and Numerics,78
Tutor 290,Computing and Numerics,79
Tutor 290,Computing and Numerics,80
Tutor 290,Computing and Numerics,85
Tutor 290,Computing and Numerics,86
Tutor 290,Computing and Numerics,87
Tutor 290,Computing and Numerics,88
Tutor 290,Fundamentals of Pure Mathematics,62
Tutor 290,Fundamentals of Pure Mathematics,63
Tutor 290,Fundamentals of Pure Mathematics,64
Tutor 290,Fundamentals of Pure Mathematics,65
Tutor 290,Statistics (Year 2),72
Tutor 290,Statistics (Year 2),73
Tutor 158,Computing and Numerics,85
Tutor 158,Computing and Numerics,86
Tutor 158,Computing and Numerics,87
Tutor 158,Computing and Numerics,88
Tutor 158,Credit Scoring,13
Tutor 158,Credit Scoring,14
Tutor 158,Credit Scoring,15
Tutor 158,Credit Scoring,16
Tutor 158,Honours Complex Variables,7
Tutor 158,Honours Complex Variables,8
Tutor 158,Honours Complex Variables,9
Tutor 158,Honours Complex Variables,10
Tutor 158,Statistics (Year 2),70
Tutor 158,Statistics (Year 2),71
Tutor 158,Statistics (Year 2),72
Tutor 158,Statistics (Year 2),73
Tutor 158,Statistics (Year 2),81
Tutor 158,Statistics (Year 2),82
Tutor 382,Calculus & its Applications ,32
Tutor 382,Calculus & its Applications ,33
Tutor 382,Calculus & its Applications ,34
Tutor 382,Computing and Numerics,85
Tutor 382,Computing and Numerics,86
Tutor 382,Computing and Numerics,87
Tutor 382,Computing and Numerics,88
Tutor 382,Honours Complex Variables - Skills,43
Tutor 382,Honours Complex Variables - Skills,44
Tutor 382,Honours Complex Variables - Skills,45
Tutor 382,Honours Complex Variables - Skills,46
Tutor 382,Research Skills for Computational Applied Mathematics,70
Tutor 382,Research Skills for Computational Applied Mathematics,71
Tutor 382,Statistics (Year 2) - Lab,72
Tutor 382,Statistics (Year 2) - Lab,73
Tutor 382,Statistics (Year 2) - Lab,81
Tutor 382,Statistics (Year 2) - Lab,82
Tutor 384,Engineering Mathematics/Mathematics for the Natural Sciences 1b,39
Tutor 384,Engineering Mathematics/Mathematics for the Natural Sciences 1b,40
Tutor 384,Engineering Mathematics/Mathematics for the Natural Sciences 1b,41
Tutor 384,Engineering Mathematics/Mathematics for the Natural Sciences 1b,42
Tutor 384,Honours Complex Variables - Skills,30
Tutor 384,Honours Complex Variables - Skills,31
Tutor 384,Honours Complex Variables - Skills,32
Tutor 384,Honours Complex Variables - Skills,33
Tutor 384,Honours Complex Variables - Skills,43
Tutor 384,Honours Complex Variables - Skills,44
Tutor 384,Honours Complex Variables - Skills,45
Tutor 384,Honours Complex Variables - Skills,46
Tutor 384,Integer and Combinatorial Optimization,47
Tutor 384,Integer and Combinatorial Optimization,48
Tutor 384,Proofs & Problem Solving,1
Tutor 384,Proofs & Problem Solving,2
Tutor 384,Proofs & Problem Solving,3
Tutor 396,Calculus & its Applications ,23
Tutor 396,Calculus & its Applications ,24
Tutor 396,Calculus & its Applications ,25
Tutor 396,Calculus & its Applications ,32
Tutor 396,Calculus & its Applications ,33
Tutor 396,Calculus & its Applications ,34
Tutor 396,Computing and Numerics,85
Tutor 396,Computing and Numerics,86
Tutor 396,Computing and Numerics,87
Tutor 396,Computing and Numerics,88
Tutor 396,Engineering Mathematics/Mathematics for the Natural Sciences 1b,41
Tutor 396,Engineering Mathematics/Mathematics for the Natural Sciences 1b,42
Tutor 396,Statistics (Year 2) - Lab,70
Tutor 396,Statistics (Year 2) - Lab,71
Tutor 396,Statistics (Year 2) - Lab,72
Tutor 396,Statistics (Year 2) - Lab,73
Tutor 396,Statistics (Year 2) - Lab,81
Tutor 396,Statistics (Year 2) - Lab,82
Tutor 403,Computing and Numerics,85
Tutor 403,Computing and Numerics,86
Tutor 403,Computing and Numerics,87
Tutor 403,Computing and Numerics,88
Tutor 403,Fundamentals of Pure Mathematics,62
Tutor 403,Fundamentals of Pure Mathematics,63
Tutor 403,Fundamentals of Pure Mathematics,64
Tutor 403,Fundamentals of Pure Mathematics,65
Tutor 403,Honours Complex Variables - Skills,43
Tutor 403,Honours Complex Variables - Skills,44
Tutor 403,Honours Complex Variables - Skills,45
Tutor 403,Honours Complex Variables - Skills,46
Tutor 403,Integer and Combinatorial Optimization,47
Tutor 403,Integer and Combinatorial Optimization,48
Tutor 403,Statistics (Year 2),70
Tutor 403,Statistics (Year 2),71
Tutor 403,Statistics (Year 2),81
Tutor 403,Statistics (Year 2),82
Tutor 411,Computing and Numerics,85
Tutor 411,Computing and Numerics,86
Tutor 411,Computing and Numerics,87
Tutor 411,Computing and Numerics,88
Tutor 411,Incomplete Data Analysis,74
Tutor 411,Incomplete Data Analysis,75
Tutor 411,Large Scale Optimization for Data Science,70
Tutor 411,Large Scale Optimization for Data Science,71
Tutor 279,Incomplete Data Analysis,74
Tutor 279,Incomplete Data Analysis,75
Tutor 279,Machine Learning in Python,32
Tutor 279,Machine Learning in Python,33
Tutor 279,Machine Learning in Python,34
Tutor 279,Machine Learning in Python,35
Tutor 279,Numerical Ordinary Differential Equations and Applications,15
Tutor 279,Numerical Ordinary Differential Equations and Applications,16
Tutor 279,Numerical Ordinary Differential Equations and Applications,17
Tutor 279,Numerical Ordinary Differential Equations and Applications,18
Tutor 279,Time Series,47
Tutor 279,Time Series,48
Tutor 279,Time Series,49
Tutor 279,Time Series,50
Tutor 371,Applied Statistics,87
Tutor 371,Applied Statistics,88
Tutor 371,Financial Mathematics,81
Tutor 371,Financial Mathematics,82
Tutor 371,Financial Mathematics,85
Tutor 371,Financial Mathematics,86
Tutor 371,Risk and Logistics,83
Tutor 371,Risk and Logistics,84
Tutor 397,Honours Algbra- Skills,30
Tutor 397,Honours Algbra- Skills,31
Tutor 397,Honours Algbra- Skills,32
Tutor 397,Honours Algbra- Skills,33
Tutor 397,Honours Algbra- Skills,87
Tutor 397,Honours Algbra- Skills,88
Tutor 397,Honours Algbra- Skills,89
Tutor 397,Honours Algbra- Skills,90
Tutor 397,Machine Learning in Python,39
Tutor 397,Machine Learning in Python,40
Tutor 397,Machine Learning in Python,41
Tutor 397,Machine Learning in Python,42
Tutor 397,Stochastic Control and Dynamic Asset Allocation,36
Tutor 397,Stochastic Control and Dynamic Asset Allocation,37
Tutor 59,Fundamentals of Pure Mathematics,62
Tutor 59,Fundamentals of Pure Mathematics,63
Tutor 59,Fundamentals of Pure Mathematics,64
Tutor 59,Fundamentals of Pure Mathematics,65
Tutor 59,Honours Algbra- Skills,30
Tutor 59,Honours Algbra- Skills,31
Tutor 59,Honours Algbra- Skills,32
Tutor 59,Honours Algbra- Skills,33
Tutor 59,Honours Algbra- Skills,87
Tutor 59,Honours Algbra- Skills,88
Tutor 59,Honours Algbra- Skills,89
Tutor 59,Honours Algbra- Skills,90
Tutor 59,Machine Learning in Python,39
Tutor 59,Machine Learning in Python,40
Tutor 59,Statistics (Year 2) - Lab,70
Tutor 59,Statistics (Year 2) - Lab,71
Tutor 59,Statistics (Year 2) - Lab,72
Tutor 59,Statistics (Year 2) - Lab,73
Tutor 63,Engineering Mathematics/Mathematics for the Natural Sciences 1b,39
Tutor 63,Engineering Mathematics/Mathematics for the Natural Sciences 1b,40
Tutor 63,Engineering Mathematics/Mathematics for the Natural Sciences 1b,41
Tutor 63,Engineering Mathematics/Mathematics for the Natural Sciences 1b,42
Tutor 63,Honours Algbra- Skills,30
Tutor 63,Honours Algbra- Skills,31
Tutor 63,Honours Algbra- Skills,32
Tutor 63,Honours Algbra- Skills,33
Tutor 63,Honours Complex Variables - Skills,43
Tutor 63,Honours Complex Variables - Skills,44
Tutor 63,Honours Complex Variables - Skills,45
Tutor 63,Honours Complex Variables - Skills,46
Tutor 63,Proofs & Problem Solving,1
Tutor 63,Proofs & Problem Solving,2
Tutor 63,Proofs & Problem Solving,3
Tutor 63,Proofs & Problem Solving,4
Tutor 63,Proofs & Problem Solving,5
Tutor 63,Proofs & Problem Solving,6
Tutor 179,Calculus & its Applications ,20
Tutor 179,Calculus & its Applications ,21
Tutor 179,Calculus & its Applications ,22
Tutor 179,Calculus & its Applications ,23
Tutor 179,Calculus & its Applications ,24
Tutor 179,Calculus & its Applications ,25
Tutor 179,Computing and Numerics,85
Tutor 179,Computing and Numerics,86
Tutor 179,Computing and Numerics,87
Tutor 179,Computing and Numerics,88
Tutor 179,Honours Complex Variables,7
Tutor 179,Honours Complex Variables,8
Tutor 179,Proofs & Problem Solving,1
Tutor 179,Proofs & Problem Solving,2
Tutor 179,Proofs & Problem Solving,3
Tutor 352,Honours Algbra- Skills,30
Tutor 352,Honours Algbra- Skills,31
Tutor 352,Honours Algbra- Skills,32
Tutor 352,Honours Algbra- Skills,33
Tutor 352,Honours Algbra- Skills,87
Tutor 352,Honours Algbra- Skills,88
Tutor 352,Honours Algbra- Skills,89
Tutor 352,Honours Algbra- Skills,90
Tutor 352,Honours Complex Variables,7
Tutor 352,Honours Complex Variables,8
Tutor 352,Honours Complex Variables,9
Tutor 352,Honours Complex Variables,10
Tutor 352,Machine Learning in Python,41
Tutor 352,Machine Learning in Python,42
Tutor 352,Statistics (Year 2) - Lab,70
Tutor 352,Statistics (Year 2) - Lab,71
Tutor 352,Statistics (Year 2) - Lab,72
Tutor 352,Statistics (Year 2) - Lab,73
Tutor 372,Functional Analysis,32
Tutor 372,Functional Analysis,33
Tutor 372,Integer and Combinatorial Optimization,47
Tutor 372,Integer and Combinatorial Optimization,48
Tutor 372,Machine Learning in Python,34
Tutor 372,Machine Learning in Python,35
Tutor 372,Maths in Action A,28
Tutor 372,Maths in Action A,29
Tutor 372,Maths in Action A,30
Tutor 372,Maths in Action A,31
Tutor 240,Geometry of General Relativity,83
Tutor 240,Geometry of General Relativity,84
Tutor 240,Honours Algbra- Skills,87
Tutor 240,Honours Algbra- Skills,88
Tutor 240,Honours Algbra- Skills,89
Tutor 240,Honours Algbra- Skills,90
Tutor 240,Honours Algebra,66
Tutor 240,Honours Algebra,67
Tutor 240,Honours Algebra,72
Tutor 240,Honours Algebra,73
Tutor 240,Interactions in Algebra Geometry and Topology,68
Tutor 240,Interactions in Algebra Geometry and Topology,69
Tutor 240,Risk-Neutral Asset Pricing,77
Tutor 240,Risk-Neutral Asset Pricing,78
Tutor 190,Honours Complex Variables,9
Tutor 190,Honours Complex Variables,10
Tutor 190,Incomplete Data Analysis,74
Tutor 190,Incomplete Data Analysis,75
Tutor 190,Multivariate Data Analysis,89
Tutor 190,Multivariate Data Analysis,90
Tutor 217,Financial Mathematics,81
Tutor 217,Financial Mathematics,82
Tutor 217,Financial Mathematics,83
Tutor 217,Financial Mathematics,84
Tutor 217,Financial Mathematics,85
Tutor 217,Financial Mathematics,86
Tutor 217,Galois Theory,28
Tutor 217,Galois Theory,29
Tutor 217,Honours Algbra- Skills,30
Tutor 217,Honours Algbra- Skills,31
Tutor 217,Honours Algbra- Skills,32
Tutor 217,Honours Algbra- Skills,33
Tutor 217,Honours Algbra- Skills,87
Tutor 217,Honours Algbra- Skills,88
Tutor 217,Honours Algbra- Skills,89
Tutor 217,Honours Algbra- Skills,90
Tutor 217,Statistics (Year 2) - Lab,72
Tutor 217,Statistics (Year 2) - Lab,73
Tutor 400,Calculus & its Applications ,20
Tutor 400,Calculus & its Applications ,21
Tutor 400,Calculus & its Applications ,22
Tutor 400,Calculus & its Applications ,23
Tutor 400,Calculus & its Applications ,24
Tutor 400,Calculus & its Applications ,25
Tutor 400,Calculus & its Applications ,26
Tutor 400,Calculus & its Applications ,27
Tutor 400,Calculus & its Applications ,28
Tutor 400,Engineering Mathematics/Mathematics for the Natural Sciences 1b,39
Tutor 400,Engineering Mathematics/Mathematics for the Natural Sciences 1b,40
Tutor 400,Honours Algbra- Skills,30
Tutor 400,Honours Algbra- Skills,31
Tutor 400,Honours Algbra- Skills,32
Tutor 400,Honours Algbra- Skills,33
Tutor 400,Incomplete Data Analysis,74
Tutor 400,Incomplete Data Analysis,75
Tutor 321,Data Assimilation,72
Tutor 321,Data Assimilation,73
Tutor 321,Engineering Mathematics/Mathematics for the Natural Sciences 1b,39
Tutor 321,Engineering Mathematics/Mathematics for the Natural Sciences 1b,40
Tutor 321,Honours Complex Variables - Skills,43
Tutor 321,Honours Complex Variables - Skills,44
Tutor 321,Honours Complex Variables - Skills,45
Tutor 321,Honours Complex Variables - Skills,46
Tutor 321,Optimization Methods in Finance,24
Tutor 321,Optimization Methods in Finance,25
Tutor 321,Optimization Methods in Finance,26
Tutor 321,Optimization Methods in Finance,27
Tutor 321,Statistics (Year 2) - Lab,70
Tutor 321,Statistics (Year 2) - Lab,71
Tutor 321,Statistics (Year 2) - Lab,81
Tutor 321,Statistics (Year 2) - Lab,82
Tutor 273,Incomplete Data Analysis,74
Tutor 273,Incomplete Data Analysis,75
Tutor 273,Numerical Ordinary Differential Equations and Applications,15
Tutor 273,Numerical Ordinary Differential Equations and Applications,16
Tutor 273,Numerical Ordinary Differential Equations and Applications,17
Tutor 273,Numerical Ordinary Differential Equations and Applications,18
Tutor 273,Risk-Neutral Asset Pricing,77
Tutor 273,Risk-Neutral Asset Pricing,78
Tutor 145,Data Assimilation,72
Tutor 145,Data Assimilation,73
Tutor 145,Fundamentals of Pure Mathematics,64
Tutor 145,Fundamentals of Pure Mathematics,65
Tutor 145,Honours Algbra- Skills,30
Tutor 145,Honours Algbra- Skills,31
Tutor 145,Honours Algbra- Skills,32
Tutor 145,Honours Algbra- Skills,33
Tutor 145,Honours Algbra- Skills,87
Tutor 145,Honours Algbra- Skills,88
Tutor 145,Honours Algbra- Skills,89
Tutor 145,Honours Algbra- Skills,90
Tutor 145,Optimization Methods in Finance,24
Tutor 145,Optimization Methods in Finance,25
Tutor 145,Optimization Methods in Finance,26
Tutor 145,Optimization Methods in Finance,27
Tutor 207,Proofs & Problem Solving,1
Tutor 207,Proofs & Problem Solving,2
Tutor 207,Proofs & Problem Solving,3
Tutor 207,Proofs & Problem Solving,4
Tutor 207,Proofs & Problem Solving,5
Tutor 207,Proofs & Problem Solving,6
Tutor 207,Proofs & Problem Solving,11
Tutor 207,Proofs & Problem Solving,12
Tutor 207,Proofs & Problem Solving,13
Tutor 207,Proofs & Problem Solving,14
Tutor 207,Proofs & Problem Solving,15
Tutor 207,Proofs & Problem Solving,16
Tutor 373,Computing and Numerics,77
Tutor 373,Computing and Numerics,78
Tutor 373,Computing and Numerics,79
Tutor 373,Computing and Numerics,80
Tutor 373,Honours Algbra- Skills,30
Tutor 373,Honours Algbra- Skills,31
Tutor 373,Honours Algbra- Skills,32
Tutor 373,Honours Algbra- Skills,33
Tutor 373,Honours Algbra- Skills,87
Tutor 373,Honours Algbra- Skills,88
Tutor 373,Honours Algbra- Skills,89
Tutor 373,Honours Algbra- Skills,90
Tutor 373,Introduction to Number Theory,72
Tutor 373,Introduction to Number Theory,73
Tutor 23,Fundamentals of Pure Mathematics,64
Tutor 23,Fundamentals of Pure Mathematics,65
Tutor 23,Honours Complex Variables - Skills,30
Tutor 23,Honours Complex Variables - Skills,31
Tutor 23,Honours Complex Variables - Skills,32
Tutor 23,Honours Complex Variables - Skills,33
Tutor 23,Honours Complex Variables - Skills,43
Tutor 23,Honours Complex Variables - Skills,44
Tutor 23,Honours Complex Variables - Skills,45
Tutor 23,Honours Complex Variables - Skills,46
Tutor 23,Incomplete Data Analysis,74
Tutor 23,Incomplete Data Analysis,75
Tutor 23,Introduction to Number Theory,72
Tutor 23,Introduction to Number Theory,73
Tutor 23,Statistical Research Skills,62
Tutor 23,Statistical Research Skills,63
Tutor 305,Fundamentals of Pure Mathematics,64
Tutor 305,Fundamentals of Pure Mathematics,65
Tutor 305,Honours Complex Variables - Skills,30
Tutor 305,Honours Complex Variables - Skills,31
Tutor 305,Honours Complex Variables - Skills,32
Tutor 305,Honours Complex Variables - Skills,33
Tutor 305,Honours Complex Variables - Skills,43
Tutor 305,Honours Complex Variables - Skills,44
Tutor 305,Honours Complex Variables - Skills,45
Tutor 305,Honours Complex Variables - Skills,46
Tutor 305,Introduction to Number Theory,72
Tutor 305,Introduction to Number Theory,73
Tutor 305,Statistical Research Skills,62
Tutor 305,Statistical Research Skills,63
Tutor 237,Classical Mechanics for Mathematicians,62
Tutor 237,Classical Mechanics for Mathematicians,63
Tutor 237,Honours Complex Variables - Skills,30
Tutor 237,Honours Complex Variables - Skills,31
Tutor 237,Honours Complex Variables - Skills,32
Tutor 237,Honours Complex Variables - Skills,33
Tutor 237,Multivariate Data Analysis,79
Tutor 237,Multivariate Data Analysis,80
Tutor 237,Numerical Ordinary Differential Equations and Applications,15
Tutor 237,Numerical Ordinary Differential Equations and Applications,16
Tutor 237,Optimization Methods in Finance,24
Tutor 237,Optimization Methods in Finance,25
Tutor 237,Optimization Methods in Finance,26
Tutor 237,Optimization Methods in Finance,27
Tutor 311,Bayesian Data Analysis,85
Tutor 311,Bayesian Data Analysis,86
Tutor 311,Bayesian Data Analysis,87
Tutor 311,Bayesian Data Analysis,88
Tutor 311,Calculus & its Applications ,20
Tutor 311,Calculus & its Applications ,21
Tutor 311,Calculus & its Applications ,22
Tutor 193,Applied Statistics,87
Tutor 193,Applied Statistics,88
Tutor 193,Financial Mathematics,85
Tutor 193,Financial Mathematics,86
Tutor 193,Risk and Logistics,83
Tutor 193,Risk and Logistics,84
Tutor 338,Fundamentals of Pure Mathematics,64
Tutor 338,Fundamentals of Pure Mathematics,65
Tutor 338,Honours Complex Variables - Skills,30
Tutor 338,Honours Complex Variables - Skills,31
Tutor 338,Honours Complex Variables - Skills,32
Tutor 338,Honours Complex Variables - Skills,33
Tutor 338,Honours Complex Variables - Skills,43
Tutor 338,Honours Complex Variables - Skills,44
Tutor 338,Honours Complex Variables - Skills,45
Tutor 338,Honours Complex Variables - Skills,46
Tutor 338,Introduction to Number Theory,72
Tutor 338,Introduction to Number Theory,73
Tutor 338,Multivariate Data Analysis,89
Tutor 338,Multivariate Data Analysis,90
Tutor 338,Statistical Research Skills,62
Tutor 338,Statistical Research Skills,63
Tutor 93,Applied Statistics,87
Tutor 93,Applied Statistics,88
Tutor 93,Functional Analysis,32
Tutor 93,Functional Analysis,33
Tutor 93,Maths in Action A,28
Tutor 93,Maths in Action A,29
Tutor 93,Maths in Action A,30
Tutor 93,Maths in Action A,31
Tutor 93,Multivariate Data Analysis,89
Tutor 93,Multivariate Data Analysis,90
Tutor 93,Risk and Logistics,83
Tutor 93,Risk and Logistics,84
Tutor 65,Honours Complex Variables - Skills,30
Tutor 65,Honours Complex Variables - Skills,31
Tutor 65,Honours Complex Variables - Skills,32
Tutor 65,Honours Complex Variables - Skills,33
Tutor 65,Honours Complex Variables - Skills,43
Tutor 65,Honours Complex Variables - Skills,44
Tutor 65,Honours Complex Variables - Skills,45
Tutor 65,Honours Complex Variables - Skills,46
Tutor 65,Introduction to Number Theory,72
Tutor 65,Introduction to Number Theory,73
Tutor 65,Optimization Methods in Finance,24
Tutor 65,Optimization Methods in Finance,25
Tutor 65,Optimization Methods in Finance,26
Tutor 65,Optimization Methods in Finance,27
Tutor 65,Simulation,58
Tutor 65,Simulation,59
Tutor 65,Statistical Research Skills,62
Tutor 65,Statistical Research Skills,63
Tutor 106,Engineering Mathematics/Mathematics for the Natural Sciences 1b,39
Tutor 106,Engineering Mathematics/Mathematics for the Natural Sciences 1b,40
Tutor 106,Honours Complex Variables - Skills,30
Tutor 106,Honours Complex Variables - Skills,31
Tutor 106,Honours Complex Variables - Skills,32
Tutor 106,Honours Complex Variables - Skills,33
Tutor 106,Honours Complex Variables - Skills,43
Tutor 106,Honours Complex Variables - Skills,44
Tutor 106,Honours Complex Variables - Skills,45
Tutor 106,Honours Complex Variables - Skills,46
Tutor 106,Introduction to Number Theory,72
Tutor 106,Introduction to Number Theory,73
Tutor 106,Optimization Methods in Finance,24
Tutor 106,Optimization Methods in Finance,25
Tutor 106,Optimization Methods in Finance,26
Tutor 106,Optimization Methods in Finance,27
Tutor 106,Statistical Research Skills,62
Tutor 106,Statistical Research Skills,63
Tutor 265,Honours Complex Variables - Skills,30
Tutor 265,Honours Complex Variables - Skills,31
Tutor 265,Honours Complex Variables - Skills,32
Tutor 265,Honours Complex Variables - Skills,33
Tutor 265,Proofs & Problem Solving,1
Tutor 265,Proofs & Problem Solving,2
Tutor 265,Proofs & Problem Solving,3
Tutor 265,Proofs & Problem Solving,4
Tutor 265,Proofs & Problem Solving,5
Tutor 265,Proofs & Problem Solving,6
Tutor 265,Proofs & Problem Solving,11
Tutor 265,Proofs & Problem Solving,12
Tutor 265,Proofs & Problem Solving,13
Tutor 265,Proofs & Problem Solving,14
Tutor 265,Proofs & Problem Solving,15
Tutor 265,Proofs & Problem Solving,16
Tutor 265,Statistical Research Skills,62
Tutor 265,Statistical Research Skills,63
Tutor 126,Introduction to Number Theory,72
Tutor 126,Introduction to Number Theory,73
Tutor 126,Proofs & Problem Solving,4
Tutor 126,Proofs & Problem Solving,5
Tutor 126,Proofs & Problem Solving,6
Tutor 126,Proofs & Problem Solving,11
Tutor 126,Proofs & Problem Solving,12
Tutor 126,Proofs & Problem Solving,13
Tutor 126,Proofs & Problem Solving,14
Tutor 126,Proofs & Problem Solving,15
Tutor 126,Proofs & Problem Solving,16
Tutor 126,Statistical Research Skills,62
Tutor 126,Statistical Research Skills,63
Tutor 126,Statistics (Year 2) - Lab,70
Tutor 126,Statistics (Year 2) - Lab,71
Tutor 126,Statistics (Year 2) - Lab,81
Tutor 126,Statistics (Year 2) - Lab,82
Tutor 408,Engineering Mathematics/Mathematics for the Natural Sciences 1b,43
Tutor 408,Engineering Mathematics/Mathematics for the Natural Sciences 1b,44
Tutor 408,Honours Complex Variables - Skills,30
Tutor 408,Honours Complex Variables - Skills,31
Tutor 408,Honours Complex Variables - Skills,32
Tutor 408,Honours Complex Variables - Skills,33
Tutor 408,Proofs & Problem Solving,4
Tutor 408,Proofs & Problem Solving,5
Tutor 408,Proofs & Problem Solving,6
Tutor 408,Statistical Computing,39
Tutor 408,Statistical Computing,40
Tutor 408,Statistical Computing,41
Tutor 408,Statistical Computing,42
Tutor 415,Honours Complex Variables - Skills,30
Tutor 415,Honours Complex Variables - Skills,31
Tutor 415,Honours Complex Variables - Skills,32
Tutor 415,Honours Complex Variables - Skills,33
Tutor 415,Honours Complex Variables - Skills,43
Tutor 415,Honours Complex Variables - Skills,44
Tutor 415,Honours Complex Variables - Skills,45
Tutor 415,Honours Complex Variables - Skills,46
Tutor 415,Introduction to Number Theory,72
Tutor 415,Introduction to Number Theory,73
Tutor 415,Linear Programming Modelling and Solution,62
Tutor 415,Linear Programming Modelling and Solution,63
Tutor 415,Statistics (Year 2),70
Tutor 415,Statistics (Year 2),71
Tutor 415,Statistics (Year 2),81
Tutor 415,Statistics (Year 2),82
Tutor 216,Interactions in Algebra Geometry and Topology,68
Tutor 216,Interactions in Algebra Geometry and Topology,69
Tutor 216,Introduction to Number Theory,72
Tutor 216,Introduction to Number Theory,73
Tutor 216,Linear Programming Modelling and Solution,62
Tutor 216,Linear Programming Modelling and Solution,63
Tutor 216,Proofs & Problem Solving,4
Tutor 216,Proofs & Problem Solving,5
Tutor 216,Proofs & Problem Solving,6
Tutor 216,Proofs & Problem Solving,11
Tutor 216,Proofs & Problem Solving,12
Tutor 216,Proofs & Problem Solving,13
Tutor 216,Proofs & Problem Solving,14
Tutor 216,Proofs & Problem Solving,15
Tutor 216,Proofs & Problem Solving,16
Tutor 216,Statistics (Year 2),81
Tutor 216,Statistics (Year 2),82
Tutor 102,Calculus & its Applications ,26
Tutor 102,Calculus & its Applications ,27
Tutor 102,Calculus & its Applications ,28
Tutor 102,Honours Complex Variables - Skills,30
Tutor 102,Honours Complex Variables - Skills,31
Tutor 102,Honours Complex Variables - Skills,32
Tutor 102,Honours Complex Variables - Skills,33
Tutor 328,Engineering Mathematics/Mathematics for the Natural Sciences 1b,41
Tutor 328,Engineering Mathematics/Mathematics for the Natural Sciences 1b,42
Tutor 328,Introduction to Number Theory,72
Tutor 328,Introduction to Number Theory,73
Tutor 328,Linear Programming Modelling and Solution,62
Tutor 328,Linear Programming Modelling and Solution,63
Tutor 328,Proofs & Problem Solving,4
Tutor 328,Proofs & Problem Solving,5
Tutor 328,Proofs & Problem Solving,6
Tutor 328,Proofs & Problem Solving,11
Tutor 328,Proofs & Problem Solving,12
Tutor 328,Proofs & Problem Solving,13
Tutor 328,Proofs & Problem Solving,14
Tutor 328,Proofs & Problem Solving,15
Tutor 328,Proofs & Problem Solving,16
Tutor 328,Statistics (Year 2),70
Tutor 328,Statistics (Year 2),71
Tutor 150,Calculus & its Applications ,20
Tutor 150,Calculus & its Applications ,21
Tutor 150,Calculus & its Applications ,22
Tutor 150,Calculus & its Applications ,23
Tutor 150,Calculus & its Applications ,24
Tutor 150,Calculus & its Applications ,25
Tutor 150,Calculus & its Applications ,29
Tutor 150,Calculus & its Applications ,30
Tutor 150,Calculus & its Applications ,31
Tutor 75,Introduction to Number Theory,72
Tutor 75,Introduction to Number Theory,73
Tutor 75,Linear Programming Modelling and Solution,62
Tutor 75,Linear Programming Modelling and Solution,63
Tutor 75,Maths in Action A,28
Tutor 75,Maths in Action A,29
Tutor 75,Maths in Action A,30
Tutor 75,Maths in Action A,31
Tutor 75,Statistical Computing,39
Tutor 75,Statistical Computing,40
Tutor 75,Statistical Computing,41
Tutor 75,Statistical Computing,42
Tutor 75,Statistics (Year 2) - Lab,70
Tutor 75,Statistics (Year 2) - Lab,71
Tutor 392,Introduction to Number Theory,72
Tutor 392,Introduction to Number Theory,73
Tutor 392,Linear Programming Modelling and Solution,62
Tutor 392,Linear Programming Modelling and Solution,63
Tutor 392,Maths in Action A,28
Tutor 392,Maths in Action A,29
Tutor 392,Maths in Action A,30
Tutor 392,Maths in Action A,31
Tutor 392,Proofs & Problem Solving,14
Tutor 392,Proofs & Problem Solving,15
Tutor 392,Proofs & Problem Solving,16
Tutor 392,Statistical Computing,39
Tutor 392,Statistical Computing,40
Tutor 392,Statistical Computing,41
Tutor 392,Statistical Computing,42
Tutor 153,Engineering Mathematics/Mathematics for the Natural Sciences 1b,39
Tutor 153,Engineering Mathematics/Mathematics for the Natural Sciences 1b,40
Tutor 153,Engineering Mathematics/Mathematics for the Natural Sciences 1b,41
Tutor 153,Engineering Mathematics/Mathematics for the Natural Sciences 1b,42
Tutor 153,Engineering Mathematics/Mathematics for the Natural Sciences 1b,43
Tutor 153,Engineering Mathematics/Mathematics for the Natural Sciences 1b,44
Tutor 153,Engineering Mathematics/Mathematics for the Natural Sciences 1b,45
Tutor 153,Engineering Mathematics/Mathematics for the Natural Sciences 1b,46
Tutor 153,Large Scale Optimization for Data Science - Comp Lab,72
Tutor 153,Large Scale Optimization for Data Science - Comp Lab,73
Tutor 153,Linear Programming Modelling and Solution,62
Tutor 153,Linear Programming Modelling and Solution,63
Tutor 153,Maths in Action A,28
Tutor 153,Maths in Action A,29
Tutor 153,Maths in Action A,30
Tutor 153,Maths in Action A,31
Tutor 153,Numerical Partial Differential Equations - Comp Labs,5
Tutor 153,Numerical Partial Differential Equations - Comp Labs,6
Tutor 219,Engineering Mathematics/Mathematics for the Natural Sciences 1b,43
Tutor 219,Engineering Mathematics/Mathematics for the Natural Sciences 1b,44
Tutor 219,Maths in Action A,28
Tutor 219,Maths in Action A,29
Tutor 219,Maths in Action A,30
Tutor 219,Maths in Action A,31
Tutor 219,Proofs & Problem Solving,4
Tutor 219,Proofs & Problem Solving,5
Tutor 219,Proofs & Problem Solving,6
Tutor 219,Proofs & Problem Solving,14
Tutor 219,Proofs & Problem Solving,15
Tutor 219,Proofs & Problem Solving,16
Tutor 219,Statistical Computing,39
Tutor 219,Statistical Computing,40
Tutor 219,Statistical Computing,41
Tutor 219,Statistical Computing,42
Tutor 5,Applied Statistics,87
Tutor 5,Applied Statistics,88
Tutor 5,Computing and Numerics,77
Tutor 5,Computing and Numerics,78
Tutor 5,Computing and Numerics,79
Tutor 5,Computing and Numerics,80
Tutor 5,Engineering Mathematics/Mathematics for the Natural Sciences 1b,43
Tutor 5,Engineering Mathematics/Mathematics for the Natural Sciences 1b,44
Tutor 5,Engineering Mathematics/Mathematics for the Natural Sciences 1b,45
Tutor 5,Engineering Mathematics/Mathematics for the Natural Sciences 1b,46
Tutor 5,Statistical Computing,39
Tutor 5,Statistical Computing,40
Tutor 5,Statistical Computing,41
Tutor 5,Statistical Computing,42
Tutor 226,Engineering Mathematics/Mathematics for the Natural Sciences 1b,43
Tutor 226,Engineering Mathematics/Mathematics for the Natural Sciences 1b,44
Tutor 226,Engineering Mathematics/Mathematics for the Natural Sciences 1b,45
Tutor 226,Engineering Mathematics/Mathematics for the Natural Sciences 1b,46
Tutor 226,Machine Learning in Python,32
Tutor 226,Machine Learning in Python,33
Tutor 226,Statistical Computing,39
Tutor 226,Statistical Computing,40
Tutor 226,Statistical Computing,41
Tutor 226,Statistical Computing,42
Tutor 337,Classical Mechanics for Mathematicians,62
Tutor 337,Classical Mechanics for Mathematicians,63
Tutor 337,Simulation,60
Tutor 337,Simulation,61
Tutor 337,Statistical Computing,39
Tutor 337,Statistical Computing,40
Tutor 337,Statistical Computing,41
Tutor 337,Statistical Computing,42
Tutor 206,Computing and Numerics,77
Tutor 206,Computing and Numerics,78
Tutor 206,Computing and Numerics,79
Tutor 206,Computing and Numerics,80
Tutor 206,Financial Mathematics,81
Tutor 206,Financial Mathematics,82
Tutor 206,Financial Mathematics,83
Tutor 206,Financial Mathematics,84
Tutor 33,Linear Programming Modelling and Solution,62
Tutor 33,Linear Programming Modelling and Solution,63
Tutor 33,Numerical Ordinary Differential Equations and Applications,15
Tutor 33,Numerical Ordinary Differential Equations and Applications,16
Tutor 33,Numerical Ordinary Differential Equations and Applications,17
Tutor 33,Numerical Ordinary Differential Equations and Applications,18
Tutor 33,Statistical Computing,39
Tutor 33,Statistical Computing,40
Tutor 33,Statistical Computing,41
Tutor 33,Statistical Computing,42
Tutor 171,Calculus & its Applications ,20
Tutor 171,Calculus & its Applications ,21
Tutor 171,Calculus & its Applications ,22
Tutor 171,Honours Complex Variables,7
Tutor 171,Honours Complex Variables,8
Tutor 171,Honours Complex Variables,9
Tutor 171,Honours Complex Variables,10
Tutor 171,Proofs & Problem Solving,11
Tutor 171,Proofs & Problem Solving,12
Tutor 171,Proofs & Problem Solving,13
Tutor 171,Proofs & Problem Solving,14
Tutor 171,Proofs & Problem Solving,15
Tutor 171,Proofs & Problem Solving,16
Tutor 387,Linear Programming Modelling and Solution,62
Tutor 387,Linear Programming Modelling and Solution,63
Tutor 387,Numerical Ordinary Differential Equations and Applications,15
Tutor 387,Numerical Ordinary Differential Equations and Applications,16
Tutor 387,Numerical Ordinary Differential Equations and Applications,17
Tutor 387,Numerical Ordinary Differential Equations and Applications,18
Tutor 387,Numerical Partial Differential Equations - Comp Labs,5
Tutor 387,Numerical Partial Differential Equations - Comp Labs,6
Tutor 387,Statistical Computing,39
Tutor 387,Statistical Computing,40
Tutor 387,Statistical Computing,41
Tutor 387,Statistical Computing,42
Tutor 387,Statistics (Year 2),70
Tutor 387,Statistics (Year 2),71
Tutor 387,Statistics (Year 2),72
Tutor 387,Statistics (Year 2),73
Tutor 387,Statistics (Year 2),81
Tutor 387,Statistics (Year 2),82
Tutor 183,Algebraic Geometry,83
Tutor 183,Algebraic Geometry,84
Tutor 183,Applied Statistics,87
Tutor 183,Applied Statistics,88
Tutor 183,Fundamentals of Pure Mathematics,62
Tutor 183,Fundamentals of Pure Mathematics,63
Tutor 183,Multivariate Data Analysis,79
Tutor 183,Multivariate Data Analysis,80
Tutor 183,Multivariate Data Analysis,89
Tutor 183,Multivariate Data Analysis,90
Tutor 182,Applied Dynamical Systems,22
Tutor 182,Applied Dynamical Systems,23
Tutor 182,Honours Algebra,72
Tutor 182,Honours Algebra,73
Tutor 182,Machine Learning in Python,32
Tutor 182,Machine Learning in Python,33
Tutor 182,Machine Learning in Python,34
Tutor 182,Machine Learning in Python,35
Tutor 182,Numerical Ordinary Differential Equations and Applications,15
Tutor 182,Numerical Ordinary Differential Equations and Applications,16
Tutor 182,Numerical Ordinary Differential Equations and Applications,17
Tutor 182,Numerical Ordinary Differential Equations and Applications,18
Tutor 189,Honours Complex Variables,9
Tutor 189,Honours Complex Variables,10
Tutor 189,Multivariate Data Analysis,79
Tutor 189,Multivariate Data Analysis,80
Tutor 189,Simulation,60
Tutor 189,Simulation,61
Tutor 412,Honours Algebra,66
Tutor 412,Honours Algebra,67
Tutor 412,Honours Algebra,72
Tutor 412,Honours Algebra,73
Tutor 412,Honours Complex Variables,7
Tutor 412,Honours Complex Variables,8
Tutor 412,Honours Complex Variables,9
Tutor 412,Honours Complex Variables,10
Tutor 412,Incomplete Data Analysis,74
Tutor 412,Incomplete Data Analysis,75
Tutor 412,Numerical Methods for Data,58
Tutor 412,Numerical Methods for Data,59
Tutor 412,Statistical Computing,39
Tutor 412,Statistical Computing,40
Tutor 412,Statistical Computing,41
Tutor 412,Statistical Computing,42
Tutor 317,Algebraic Geometry,83
Tutor 317,Algebraic Geometry,84
Tutor 317,Applied Statistics,87
Tutor 317,Applied Statistics,88
Tutor 317,Statistical Computing,39
Tutor 317,Statistical Computing,40
Tutor 317,Statistical Computing,41
Tutor 317,Statistical Computing,42
Tutor 116,Engineering Mathematics/Mathematics for the Natural Sciences 1b,43
Tutor 116,Engineering Mathematics/Mathematics for the Natural Sciences 1b,44
Tutor 116,Engineering Mathematics/Mathematics for the Natural Sciences 1b,45
Tutor 116,Engineering Mathematics/Mathematics for the Natural Sciences 1b,46
Tutor 116,Honours Complex Variables,7
Tutor 116,Honours Complex Variables,8
Tutor 116,Honours Complex Variables,9
Tutor 116,Honours Complex Variables,10
Tutor 116,Linear Programming Modelling and Solution,62
Tutor 116,Linear Programming Modelling and Solution,63
Tutor 116,Numerical Partial Differential Equations - Comp Labs,5
Tutor 116,Numerical Partial Differential Equations - Comp Labs,6
Tutor 116,Statistical Computing,39
Tutor 116,Statistical Computing,40
Tutor 116,Statistical Computing,41
Tutor 116,Statistical Computing,42
Tutor 40,Applied Statistics,87
Tutor 40,Applied Statistics,88
Tutor 40,Financial Mathematics,83
Tutor 40,Financial Mathematics,84
Tutor 40,Financial Mathematics,85
Tutor 40,Financial Mathematics,86
Tutor 258,Engineering Mathematics/Mathematics for the Natural Sciences 1b,45
Tutor 258,Engineering Mathematics/Mathematics for the Natural Sciences 1b,46
Tutor 258,Fundamentals of Pure Mathematics,62
Tutor 258,Fundamentals of Pure Mathematics,63
Tutor 258,Fundamentals of Pure Mathematics,64
Tutor 258,Fundamentals of Pure Mathematics,65
Tutor 258,Honours Algebra,66
Tutor 258,Honours Algebra,67
Tutor 258,Honours Algebra,72
Tutor 258,Honours Algebra,73
Tutor 258,Honours Complex Variables,7
Tutor 258,Honours Complex Variables,8
Tutor 258,Honours Complex Variables,9
Tutor 258,Honours Complex Variables,10
Tutor 258,Numerical Partial Differential Equations - Comp Labs,5
Tutor 258,Numerical Partial Differential Equations - Comp Labs,6
Tutor 236,Calculus & its Applications ,26
Tutor 236,Calculus & its Applications ,27
Tutor 236,Calculus & its Applications ,28
Tutor 236,Calculus & its Applications ,29
Tutor 236,Calculus & its Applications ,30
Tutor 236,Calculus & its Applications ,31
Tutor 236,Calculus & its Applications ,32
Tutor 236,Calculus & its Applications ,33
Tutor 236,Calculus & its Applications ,34
Tutor 236,Engineering Mathematics/Mathematics for the Natural Sciences 1b,45
Tutor 236,Engineering Mathematics/Mathematics for the Natural Sciences 1b,46
Tutor 348,Bayesian Data Analysis,85
Tutor 348,Bayesian Data Analysis,86
Tutor 348,Bayesian Data Analysis,87
Tutor 348,Bayesian Data Analysis,88
Tutor 348,Bayesian Data Analysis,89
Tutor 348,Bayesian Data Analysis,90
Tutor 348,Bayesian Data Analysis,91
Tutor 348,Bayesian Data Analysis,92
Tutor 271,Fundamentals of Pure Mathematics,62
Tutor 271,Fundamentals of Pure Mathematics,63
Tutor 271,Numerical Ordinary Differential Equations and Applications,15
Tutor 271,Numerical Ordinary Differential Equations and Applications,16
Tutor 271,Numerical Ordinary Differential Equations and Applications,17
Tutor 271,Numerical Ordinary Differential Equations and Applications,18
Tutor 271,Numerical Partial Differential Equations - Comp Labs,5
Tutor 271,Numerical Partial Differential Equations - Comp Labs,6
Tutor 271,Proofs & Problem Solving,11
Tutor 271,Proofs & Problem Solving,12
Tutor 271,Proofs & Problem Solving,13
Tutor 43,Financial Mathematics,83
Tutor 43,Financial Mathematics,84
Tutor 43,Honours Complex Variables,7
Tutor 43,Honours Complex Variables,8
Tutor 43,Honours Complex Variables,9
Tutor 43,Honours Complex Variables,10
Tutor 355,Fundamentals of Pure Mathematics,62
Tutor 355,Fundamentals of Pure Mathematics,63
Tutor 355,Fundamentals of Pure Mathematics,64
Tutor 355,Fundamentals of Pure Mathematics,65
Tutor 355,Galois Theory,28
Tutor 355,Galois Theory,29
Tutor 355,Honours Algebra,66
Tutor 355,Honours Algebra,67
Tutor 355,Honours Algebra,72
Tutor 355,Honours Algebra,73
Tutor 355,Research Skills for Financial Mathematics,1
Tutor 355,Research Skills for Financial Mathematics,2
Tutor 355,Statistical Computing,39
Tutor 355,Statistical Computing,40
Tutor 355,Statistical Computing,41
Tutor 355,Statistical Computing,42
Tutor 355,Classical Mechanics for Mathematicians,62
Tutor 355,Classical Mechanics for Mathematicians,63
Tutor 355,Multivariate Data Analysis,79
Tutor 355,Multivariate Data Analysis,80
Tutor 355,Statistical Computing,39
Tutor 355,Statistical Computing,40
Tutor 355,Statistical Computing,41
Tutor 355,Statistical Computing,42
Tutor 355,Topics in Applied Operational Research,49
Tutor 355,Topics in Applied Operational Research,50
Tutor 355,Topics in Applied Operational Research,51
Tutor 355,Topics in Applied Operational Research,52
Tutor 385,Applied Dynamical Systems,22
Tutor 385,Applied Dynamical Systems,23
Tutor 385,Engineering Mathematics/Mathematics for the Natural Sciences 1b,43
Tutor 385,Engineering Mathematics/Mathematics for the Natural Sciences 1b,44
Tutor 385,Engineering Mathematics/Mathematics for the Natural Sciences 1b,45
Tutor 385,Engineering Mathematics/Mathematics for the Natural Sciences 1b,46
Tutor 385,Galois Theory,28
Tutor 385,Galois Theory,29
Tutor 385,Statistical Computing,39
Tutor 385,Statistical Computing,40
Tutor 385,Statistical Computing,41
Tutor 385,Statistical Computing,42
Tutor 375,Fundamentals of Pure Mathematics,62
Tutor 375,Fundamentals of Pure Mathematics,63
Tutor 375,Honours Algebra,66
Tutor 375,Honours Algebra,67
Tutor 375,Honours Algebra,72
Tutor 375,Honours Algebra,73
Tutor 375,Statistical Computing,39
Tutor 375,Statistical Computing,40
Tutor 375,Statistical Computing,41
Tutor 375,Statistical Computing,42
Tutor 375,Topics in Applied Operational Research,49
Tutor 375,Topics in Applied Operational Research,50
Tutor 375,Topics in Applied Operational Research,51
Tutor 375,Topics in Applied Operational Research,52
Tutor 26,Applied Statistics,87
Tutor 26,Applied Statistics,88
Tutor 26,Fundamentals of Pure Mathematics,62
Tutor 26,Fundamentals of Pure Mathematics,63
Tutor 26,Fundamentals of Pure Mathematics,64
Tutor 26,Fundamentals of Pure Mathematics,65
Tutor 26,Honours Algebra,66
Tutor 26,Honours Algebra,67
Tutor 26,Honours Algebra,72
Tutor 26,Honours Algebra,73
Tutor 26,Numerical Partial Differential Equations,39
Tutor 26,Numerical Partial Differential Equations,40
Tutor 42,Classical Mechanics for Mathematicians,62
Tutor 42,Classical Mechanics for Mathematicians,63
Tutor 42,Engineering Mathematics/Mathematics for the Natural Sciences 1b,41
Tutor 42,Engineering Mathematics/Mathematics for the Natural Sciences 1b,42
Tutor 42,Engineering Mathematics/Mathematics for the Natural Sciences 1b,43
Tutor 42,Engineering Mathematics/Mathematics for the Natural Sciences 1b,44
Tutor 42,Engineering Mathematics/Mathematics for the Natural Sciences 1b,45
Tutor 42,Engineering Mathematics/Mathematics for the Natural Sciences 1b,46
Tutor 42,Honours Complex Variables,7
Tutor 42,Honours Complex Variables,8
Tutor 42,Honours Complex Variables,9
Tutor 42,Honours Complex Variables,10
Tutor 42,Incomplete Data Analysis,74
Tutor 42,Incomplete Data Analysis,75
Tutor 42,Numerical Partial Differential Equations,39
Tutor 42,Numerical Partial Differential Equations,40
Tutor 395,Functional Analysis,32
Tutor 395,Functional Analysis,33
Tutor 395,Research Skills for Financial Mathematics,1
Tutor 395,Research Skills for Financial Mathematics,2
Tutor 395,Risk-Neutral Asset Pricing,77
Tutor 395,Risk-Neutral Asset Pricing,78
Tutor 405,Engineering Mathematics/Mathematics for the Natural Sciences 1b,41
Tutor 405,Engineering Mathematics/Mathematics for the Natural Sciences 1b,42
Tutor 405,Engineering Mathematics/Mathematics for the Natural Sciences 1b,43
Tutor 405,Engineering Mathematics/Mathematics for the Natural Sciences 1b,44
Tutor 405,Engineering Mathematics/Mathematics for the Natural Sciences 1b,45
Tutor 405,Engineering Mathematics/Mathematics for the Natural Sciences 1b,46
Tutor 405,Financial Mathematics,81
Tutor 405,Financial Mathematics,82
Tutor 405,Financial Mathematics,83
Tutor 405,Financial Mathematics,84
Tutor 405,Honours Algebra,66
Tutor 405,Honours Algebra,67
Tutor 405,Honours Algebra,72
Tutor 405,Honours Algebra,73
Tutor 405,Numerical Partial Differential Equations,39
Tutor 405,Numerical Partial Differential Equations,40
Tutor 56,Algebraic Geometry,83
Tutor 56,Algebraic Geometry,84
Tutor 56,Applied Statistics,87
Tutor 56,Applied Statistics,88
Tutor 56,Engineering Mathematics/Mathematics for the Natural Sciences 1b,39
Tutor 56,Engineering Mathematics/Mathematics for the Natural Sciences 1b,40
Tutor 56,Engineering Mathematics/Mathematics for the Natural Sciences 1b,41
Tutor 56,Engineering Mathematics/Mathematics for the Natural Sciences 1b,42
Tutor 56,Topics in Applied Operational Research,49
Tutor 56,Topics in Applied Operational Research,50
Tutor 56,Topics in Applied Operational Research,51
Tutor 56,Topics in Applied Operational Research,52
Tutor 56,Fundamentals of Pure Mathematics,62
Tutor 56,Fundamentals of Pure Mathematics,63
Tutor 56,Fundamentals of Pure Mathematics,64
Tutor 56,Fundamentals of Pure Mathematics,65
Tutor 56,Honours Algebra,66
Tutor 56,Honours Algebra,67
Tutor 56,Honours Algebra,72
Tutor 56,Honours Algebra,73
Tutor 56,Honours Complex Variables,7
Tutor 56,Honours Complex Variables,8
Tutor 56,Honours Complex Variables,9
Tutor 56,Honours Complex Variables,10
Tutor 56,Numerical Ordinary Differential Equations and Applications,15
Tutor 56,Numerical Ordinary Differential Equations and Applications,16
Tutor 56,Numerical Ordinary Differential Equations and Applications,17
Tutor 56,Numerical Ordinary Differential Equations and Applications,18
Tutor 56,Research Skills for Computational Applied Mathematics,70
Tutor 56,Research Skills for Computational Applied Mathematics,71
Tutor 57,Fundamentals of Pure Mathematics,62
Tutor 57,Fundamentals of Pure Mathematics,63
Tutor 57,Fundamentals of Pure Mathematics,64
Tutor 57,Fundamentals of Pure Mathematics,65
Tutor 57,Nonlinear Optimization - Comp Lab,79
Tutor 57,Nonlinear Optimization - Comp Lab,80
Tutor 57,Numerical Partial Differential Equations,39
Tutor 57,Numerical Partial Differential Equations,40
Tutor 57,Topics in Applied Operational Research,49
Tutor 57,Topics in Applied Operational Research,50
Tutor 57,Topics in Applied Operational Research,51
Tutor 57,Topics in Applied Operational Research,52
Tutor 109,Fundamentals of Pure Mathematics,62
Tutor 109,Fundamentals of Pure Mathematics,63
Tutor 109,Honours Complex Variables - Skills,30
Tutor 109,Honours Complex Variables - Skills,31
Tutor 109,Honours Complex Variables - Skills,32
Tutor 109,Honours Complex Variables - Skills,33
Tutor 109,Honours Complex Variables - Skills,43
Tutor 109,Honours Complex Variables - Skills,44
Tutor 109,Honours Complex Variables - Skills,45
Tutor 109,Honours Complex Variables - Skills,46
Tutor 109,Incomplete Data Analysis,74
Tutor 109,Incomplete Data Analysis,75
Tutor 109,Nonlinear Optimization - Comp Lab,79
Tutor 109,Nonlinear Optimization - Comp Lab,80
Tutor 401,Engineering Mathematics/Mathematics for the Natural Sciences 1b,39
Tutor 401,Engineering Mathematics/Mathematics for the Natural Sciences 1b,40
Tutor 401,Engineering Mathematics/Mathematics for the Natural Sciences 1b,41
Tutor 401,Engineering Mathematics/Mathematics for the Natural Sciences 1b,42
Tutor 401,Engineering Mathematics/Mathematics for the Natural Sciences 1b,43
Tutor 401,Engineering Mathematics/Mathematics for the Natural Sciences 1b,44
Tutor 401,Engineering Mathematics/Mathematics for the Natural Sciences 1b,45
Tutor 401,Engineering Mathematics/Mathematics for the Natural Sciences 1b,46
Tutor 401,Financial Mathematics,81
Tutor 401,Financial Mathematics,82
Tutor 401,Financial Mathematics,85
Tutor 401,Financial Mathematics,86
Tutor 401,Honours Complex Variables,7
Tutor 401,Honours Complex Variables,8
Tutor 401,Nonlinear Optimization - Comp Lab,79
Tutor 401,Nonlinear Optimization - Comp Lab,80
Tutor 394,Engineering Mathematics/Mathematics for the Natural Sciences 1b,39
Tutor 394,Engineering Mathematics/Mathematics for the Natural Sciences 1b,40
Tutor 394,Engineering Mathematics/Mathematics for the Natural Sciences 1b,41
Tutor 394,Engineering Mathematics/Mathematics for the Natural Sciences 1b,42
Tutor 394,Engineering Mathematics/Mathematics for the Natural Sciences 1b,45
Tutor 394,Engineering Mathematics/Mathematics for the Natural Sciences 1b,46
Tutor 394,Fundamentals of Pure Mathematics,62
Tutor 394,Fundamentals of Pure Mathematics,63
Tutor 394,Incomplete Data Analysis,74
Tutor 394,Incomplete Data Analysis,75
Tutor 394,Large Scale Optimization for Data Science,72
Tutor 394,Large Scale Optimization for Data Science,73
Tutor 394,Multivariate Data Analysis,79
Tutor 394,Multivariate Data Analysis,80
Tutor 394,Multivariate Data Analysis,89
Tutor 394,Multivariate Data Analysis,90
Tutor 393,Fundamentals of Pure Mathematics,62
Tutor 393,Fundamentals of Pure Mathematics,63
Tutor 393,Maths in Action A,28
Tutor 393,Maths in Action A,29
Tutor 393,Maths in Action A,30
Tutor 393,Maths in Action A,31
Tutor 393,Multivariate Data Analysis,79
Tutor 393,Multivariate Data Analysis,80
Tutor 393,Multivariate Data Analysis,89
Tutor 393,Multivariate Data Analysis,90
Tutor 393,Operational Research in the Energy Industry ,64
Tutor 393,Operational Research in the Energy Industry ,65
Tutor 393,Time Series,47
Tutor 393,Time Series,48
Tutor 393,Time Series,49
Tutor 393,Time Series,50
Tutor 289,Calculus & its Applications ,20
Tutor 289,Calculus & its Applications ,21
Tutor 289,Calculus & its Applications ,22
Tutor 289,Honours Complex Variables,7
Tutor 289,Honours Complex Variables,8
Tutor 289,Honours Complex Variables,9
Tutor 289,Honours Complex Variables,10
Tutor 289,Numerical Ordinary Differential Equations and Applications,15
Tutor 289,Numerical Ordinary Differential Equations and Applications,16
Tutor 289,Numerical Ordinary Differential Equations and Applications,17
Tutor 289,Numerical Ordinary Differential Equations and Applications,18
Tutor 289,Numerical Probability and Monte Carlo ,32
Tutor 289,Numerical Probability and Monte Carlo ,33
Tutor 289,Numerical Probability and Monte Carlo ,34
Tutor 289,Numerical Probability and Monte Carlo ,35
Tutor 289,Research Skills for Financial Mathematics,1
Tutor 289,Research Skills for Financial Mathematics,2
Tutor 374,Honours Complex Variables,7
Tutor 374,Honours Complex Variables,8
Tutor 374,Honours Complex Variables,9
Tutor 374,Honours Complex Variables,10
Tutor 374,Incomplete Data Analysis,74
Tutor 374,Incomplete Data Analysis,75
Tutor 374,Operational Research in the Energy Industry ,64
Tutor 374,Operational Research in the Energy Industry ,65
Tutor 374,Statistics (Year 2),70
Tutor 374,Statistics (Year 2),71
Tutor 374,Statistics (Year 2),72
Tutor 374,Statistics (Year 2),73
